{
  "schemaVersion": "1.0",
  "artifacts": {
    "dawn_webgpu": {
      "version": "141.0.7390.2",
      "type": "staticLibrary",
      "variants": [
        {
          "path": "iphone_arm64_iphoneos18.5_release/libwebgpu_dawn.a",
          "staticLibraryMetadata": {
            "headerPaths": [
              "include"
            ]
          },
          "supportedTriples": [
            "arm64-apple-iphone"
          ]
        },
        {
          "path": "iphone_x86_64_iphonesimulator18.5_release/libwebgpu_dawn.a",
          "staticLibraryMetadata": {
            "headerPaths": [
              "include"
            ]
          },
          "supportedTriples": [
            "x86_64-apple-iphone"
          ]
        }
      ]
    }
  }
}